timestamp,session_id,request_id,query,stage,route,agent,source,score,vector_dim,vector_preview,retrieved,prompt_chars,prompt_preview,raw_output_preview,final_output_preview
2025-11-03T01:04:51,20251103_010432_5cb801,REQ_1a3d4b3c,vectorstore_init,vectorstore_init,,code,load_drive_docs,,768,,"chunks=1158, chunk_chars=1000, overlap=200, emb_model=sentence-transformers/all-mpnet-base-v2",,,,
2025-11-03T01:04:51,20251103_010432_5cb801,REQ_1a3d4b3c,"what is the code to change temperature from 220 k to 200 k 🛠️ CODE AGENT print ""error or timeout"" Detail: error: name 'normalize_macro_query' is not defined",embedding_query,,code,,,768,"[-0.00707, -0.05453, -0.02747, -0.04437, 0.01874, 0.04785, -0.00392, 0.04033, -0.00252, 0.04386]",,,,,
2025-11-03T01:04:51,20251103_010432_5cb801,REQ_1a3d4b3c,"what is the code to change temperature from 220 k to 200 k 🛠️ CODE AGENT print ""error or timeout"" Detail: error: name 'normalize_macro_query' is not defined",retrieval,,code,,"best=0.680, avg=0.759, spread=0.149, conf=0.5685",,,"[{'source': 'spec Manual cambria.pdf', 'score': 0.6801733911037445, 'snippet': 'TEMP_SP The set point of the controller in ohms, volts, etc.  T_LO_SP The lower limit for the controller set point.  T_HI_SP The upper limit for the controller set point.  DEGC_SP The temperature from which the set point is derived.  TEMP_CS The valu'}, {'source': 'spec Manual cambria.pdf', 'score': 0.7165727376937866, 'snippet': 'temperature  showtemp # Show temperature parameters  teramp # Ramp the temperature    Methods for handling temperature control and other experimental parameters are  likely to  vary greatly from lab to lab and experiment to experiment. You may be abl'}, {'source': 'spec Manual cambria.pdf', 'score': 0.7462678492069245, 'snippet': 'or set the temperature set  point.  # Simple read or set temperature def te \'  if ($# == 1) {  settemp $1  qcomment ""Temperature Setpoint at %g"" ""TEMP_SP""  }  onp; showtemp; offp  \'  If invoked without arguments, it simply displays the current temper'}, {'source': 'spec Manual cambria.pdf', 'score': 0.7557482123374939, 'snippet': 'TEMP_SP The set point of the controller in ohms, volts, etc.  T_LO_SP The lower limit for the controller set point.  T_HI_SP The upper limit for the controller set point.  DEGC_SP The temperature from which the set point is derived.  TEMP_CS The valu'}, {'source': 'spec Manual cambria.pdf', 'score': 0.7572144269943237, 'snippet': ""The macro RtoT_0 , used above, is one of several in the standard package that convert between  degrees C and kilohms for common thermistors:  # Temperature to kohms def  TtoR_0 '  local _k # YSI 44011 (100kohm @ 25C) 20 to 120 C  $1 = exp(-11.2942 +5""}, {'source': 'spec Manual cambria.pdf', 'score': 0.7909150421619415, 'snippet': ""to a new  set point. If the ramp time is greater than 500 seconds, the temperature is  changed every  10 seconds, otherwise the temperature is changed every 2 seconds.   # Read or set or ramp the temperature def  teramp '{  if ($# == 1) {  te $1  } e""}, {'source': 'spec Manual cambria.pdf', 'score': 0.796191930770874, 'snippet': 'temperature  showtemp # Show temperature parameters  teramp # Ramp the temperature    Methods for handling temperature control and other experimental parameters are  likely to  vary greatly from lab to lab and experiment to experiment. You may be abl'}, {'source': 'spec Manual cambria.pdf', 'score': 0.8291864991188049, 'snippet': 'or set the temperature set  point.  # Simple read or set temperature def te \'  if ($# == 1) {  settemp $1  qcomment ""Temperature Setpoint at %g"" ""TEMP_SP""  }  onp; showtemp; offp  \'  If invoked without arguments, it simply displays the current temper'}]",159,,,
2025-11-03T01:04:51,20251103_010432_5cb801,REQ_1a3d4b3c,"what is the code to change temp from 220 k to 200 k

🛠️ CODE AGENT

print ""error or timeout""

Detail: error: name 'normalize_macro_query' is not defined",prompt,,code,,"top_k=8, token_est=1835",,,"['spec Manual cambria.pdf', 'spec Manual cambria.pdf', 'spec Manual cambria.pdf', 'spec Manual cambria.pdf', 'spec Manual cambria.pdf', 'spec Manual cambria.pdf', 'spec Manual cambria.pdf', 'spec Manual cambria.pdf']",7342, You are an expert in the SPEC beamline control language (Certified Scientific Software).  Context below is extracted from SPEC cookbooks and manuals. Use it to return the correct SPEC command that ex,,
2025-11-03T01:04:53,20251103_010432_5cb801,REQ_ca3a1771,what is the code to change temperature from 220 k to 200 k,embedding_query,,code,,,768,"[-0.01328, -0.06185, -0.02956, 0.00713, -0.05498, 0.04392, -0.01628, 0.03269, 0.04133, 0.02516]",,,,,
2025-11-03T01:04:53,20251103_010432_5cb801,REQ_ca3a1771,what is the code to change temperature from 220 k to 200 k,retrieval,,code,,"best=0.842, avg=0.940, spread=0.158, conf=0.5155",,,"[{'source': 'spec Manual cambria.pdf', 'score': 0.841628909111023, 'snippet': ""The macro RtoT_0 , used above, is one of several in the standard package that convert between  degrees C and kilohms for common thermistors:  # Temperature to kohms def  TtoR_0 '  local _k # YSI 44011 (100kohm @ 25C) 20 to 120 C  $1 = exp(-11.2942 +5""}, {'source': 'spec Manual cambria.pdf', 'score': 0.9000516057014466, 'snippet': 'TEMP_SP The set point of the controller in ohms, volts, etc.  T_LO_SP The lower limit for the controller set point.  T_HI_SP The upper limit for the controller set point.  DEGC_SP The temperature from which the set point is derived.  TEMP_CS The valu'}, {'source': 'spec Manual cambria.pdf', 'score': 0.9291420936584472, 'snippet': 'temperature  showtemp # Show temperature parameters  teramp # Ramp the temperature    Methods for handling temperature control and other experimental parameters are  likely to  vary greatly from lab to lab and experiment to experiment. You may be abl'}, {'source': 'spec Manual cambria.pdf', 'score': 0.935143232345581, 'snippet': ""The macro RtoT_0 , used above, is one of several in the standard package that convert between  degrees C and kilohms for common thermistors:  # Temperature to kohms def  TtoR_0 '  local _k # YSI 44011 (100kohm @ 25C) 20 to 120 C  $1 = exp(-11.2942 +5""}, {'source': 'spec Manual cambria.pdf', 'score': 0.9584496259689331, 'snippet': '178  Powder Mode.................................................................................................................................... 178  Customizing Scan Output ........................................................................'}, {'source': 'spec Manual cambria.pdf', 'score': 0.9600220441818238, 'snippet': 'or set the temperature set  point.  # Simple read or set temperature def te \'  if ($# == 1) {  settemp $1  qcomment ""Temperature Setpoint at %g"" ""TEMP_SP""  }  onp; showtemp; offp  \'  If invoked without arguments, it simply displays the current temper'}, {'source': 'spec Manual cambria.pdf', 'score': 0.995099437236786, 'snippet': ""to a new  set point. If the ramp time is greater than 500 seconds, the temperature is  changed every  10 seconds, otherwise the temperature is changed every 2 seconds.   # Read or set or ramp the temperature def  teramp '{  if ($# == 1) {  te $1  } e""}, {'source': 'spec Manual cambria.pdf', 'score': 1.000057339668274, 'snippet': 'TEMP_SP The set point of the controller in ohms, volts, etc.  T_LO_SP The lower limit for the controller set point.  T_HI_SP The upper limit for the controller set point.  DEGC_SP The temperature from which the set point is derived.  TEMP_CS The valu'}]",156,,,
2025-11-03T01:04:53,20251103_010432_5cb801,REQ_ca3a1771,what is the code to change temp from 220 k to 200 k,prompt,,code,,"top_k=8, token_est=1955",,,"['spec Manual cambria.pdf', 'spec Manual cambria.pdf', 'spec Manual cambria.pdf', 'spec Manual cambria.pdf', 'spec Manual cambria.pdf', 'spec Manual cambria.pdf', 'spec Manual cambria.pdf', 'spec Manual cambria.pdf']",7822, You are an expert in the SPEC beamline control language (Certified Scientific Software).  Context below is extracted from SPEC cookbooks and manuals. Use it to return the correct SPEC command that ex,,
2025-11-03T01:04:54,20251103_010432_5cb801,REQ_1a3d4b3c,"
You are an expert in the SPEC beamline control language (Ce",llm_call,,code,codellama:7b-instruct,2929.060697555542,,,,7342,, def teramp '  if ($# == 1) {  te $1  } else if ($# == 2) {  local _i _s1 _f1 _d1 _rtime _stime  _f1 = $1  _rtime = $2  _stime = _rtime < 500? 2:10  _s1 = TEMP_SP  _d1 = (_f1 - _s1) / _rtime * _stime ,
2025-11-03T01:04:54,20251103_010432_5cb801,REQ_1a3d4b3c,"what is the code to change temp from 220 k to 200 k

🛠️ CODE AGENT

print ""error or timeout""

Detail: error: name 'normalize_macro_query' is not defined",parser_check,,code,,False,,,,,,def teramp '  if ($# == 1) {  te $1  } else if ($# == 2) {  local _i _s1 _f1 _d1 _rtime _stime  _f1 = $1  _rtime = $2  _stime = _rtime < 500? 2:10  _s1 = TEMP_SP  _d1 = (_f1 - _s1) / _rtime * _stime  ,
2025-11-03T01:04:54,20251103_010432_5cb801,REQ_1a3d4b3c,"what is the code to change temp from 220 k to 200 k

🛠️ CODE AGENT

print ""error or timeout""

Detail: error: name 'normalize_macro_query' is not defined",final,,code,,"conf=0.5685, latency_ms=2929.1, parser_ok=False",,,,,,,def teramp '  if ($# == 1) {  te $1  } else if ($# == 2) {  local _i _s1 _f1 _d1 _rtime _stime  _f1 = $1  _rtime = $2  _stime = _rtime < 500? 2:10  _s1 = TEMP_SP  _d1 = (_f1 - _s1) / _rtime * _stime  
2025-11-03T01:04:54,20251103_010432_5cb801,REQ_ca3a1771,"
You are an expert in the SPEC beamline control language (Ce",llm_call,,code,codellama:7b-instruct,1443.2251453399658,,,,7822,, te 200,
2025-11-03T01:04:54,20251103_010432_5cb801,REQ_ca3a1771,what is the code to change temp from 220 k to 200 k,parser_check,,code,,False,,,,,,te 200,
2025-11-03T01:04:54,20251103_010432_5cb801,REQ_ca3a1771,what is the code to change temp from 220 k to 200 k,final,,code,,"conf=0.5155, latency_ms=1443.2, parser_ok=False",,,,,,,te 200
2025-11-03T01:05:09,20251103_010432_5cb801,REQ_d7902972,spec macro to change temperature from 220 k to 200 k,embedding_query,,code,,,768,"[-0.02078, -0.05048, -0.03657, -0.06443, -0.03154, -0.02466, -0.02392, -0.00375, -0.03555, 0.00395]",,,,,
2025-11-03T01:05:09,20251103_010432_5cb801,REQ_d7902972,spec macro to change temperature from 220 k to 200 k,retrieval,,code,,"best=0.660, avg=0.738, spread=0.156, conf=0.5753",,,"[{'source': 'spec Manual cambria.pdf', 'score': 0.6604584038257599, 'snippet': 'temperature  showtemp # Show temperature parameters  teramp # Ramp the temperature    Methods for handling temperature control and other experimental parameters are  likely to  vary greatly from lab to lab and experiment to experiment. You may be abl'}, {'source': 'spec Manual cambria.pdf', 'score': 0.6734339118003846, 'snippet': 'or set the temperature set  point.  # Simple read or set temperature def te \'  if ($# == 1) {  settemp $1  qcomment ""Temperature Setpoint at %g"" ""TEMP_SP""  }  onp; showtemp; offp  \'  If invoked without arguments, it simply displays the current temper'}, {'source': 'spec Manual cambria.pdf', 'score': 0.733842670917511, 'snippet': 'temperature  showtemp # Show temperature parameters  teramp # Ramp the temperature    Methods for handling temperature control and other experimental parameters are  likely to  vary greatly from lab to lab and experiment to experiment. You may be abl'}, {'source': 'spec Manual cambria.pdf', 'score': 0.7346333920955658, 'snippet': ""The macro RtoT_0 , used above, is one of several in the standard package that convert between  degrees C and kilohms for common thermistors:  # Temperature to kohms def  TtoR_0 '  local _k # YSI 44011 (100kohm @ 25C) 20 to 120 C  $1 = exp(-11.2942 +5""}, {'source': 'spec Manual cambria.pdf', 'score': 0.7472621977329255, 'snippet': ""to a new  set point. If the ramp time is greater than 500 seconds, the temperature is  changed every  10 seconds, otherwise the temperature is changed every 2 seconds.   # Read or set or ramp the temperature def  teramp '{  if ($# == 1) {  te $1  } e""}, {'source': 'spec Manual cambria.pdf', 'score': 0.7482599020004272, 'snippet': 'or set the temperature set  point.  # Simple read or set temperature def te \'  if ($# == 1) {  settemp $1  qcomment ""Temperature Setpoint at %g"" ""TEMP_SP""  }  onp; showtemp; offp  \'  If invoked without arguments, it simply displays the current temper'}, {'source': 'spec Manual cambria.pdf', 'score': 0.7925195395946503, 'snippet': 'TEMP_SP The set point of the controller in ohms, volts, etc.  T_LO_SP The lower limit for the controller set point.  T_HI_SP The upper limit for the controller set point.  DEGC_SP The temperature from which the set point is derived.  TEMP_CS The valu'}, {'source': 'spec Manual cambria.pdf', 'score': 0.8162593245506287, 'snippet': ""The macro RtoT_0 , used above, is one of several in the standard package that convert between  degrees C and kilohms for common thermistors:  # Temperature to kohms def  TtoR_0 '  local _k # YSI 44011 (100kohm @ 25C) 20 to 120 C  $1 = exp(-11.2942 +5""}]",159,,,
2025-11-03T01:05:09,20251103_010432_5cb801,REQ_d7902972,write a spec macro to change temp from 220 k to 200 k,prompt,,code,,"top_k=8, token_est=1810",,,"['spec Manual cambria.pdf', 'spec Manual cambria.pdf', 'spec Manual cambria.pdf', 'spec Manual cambria.pdf', 'spec Manual cambria.pdf', 'spec Manual cambria.pdf', 'spec Manual cambria.pdf', 'spec Manual cambria.pdf']",7241, You are an expert in the SPEC beamline control language (Certified Scientific Software).  Context below is extracted from SPEC cookbooks and manuals. Use it to return the correct SPEC command that ex,,
2025-11-03T01:05:10,20251103_010432_5cb801,REQ_d7902972,"
You are an expert in the SPEC beamline control language (Ce",llm_call,,code,codellama:7b-instruct,389.5552158355713,,,,7241,, teramp 200 500,
2025-11-03T01:05:10,20251103_010432_5cb801,REQ_d7902972,write a spec macro to change temp from 220 k to 200 k,parser_check,,code,,False,,,,,,teramp 200 500,
2025-11-03T01:05:10,20251103_010432_5cb801,REQ_d7902972,write a spec macro to change temp from 220 k to 200 k,final,,code,,"conf=0.5753, latency_ms=389.6, parser_ok=False",,,,,,,teramp 200 500
2025-11-03T01:05:21,20251103_010432_5cb801,REQ_9689e25e,SPEC macro example for code for temperature change,embedding_query,,code,,,768,"[-0.03816, -0.06922, -0.04734, -0.03251, -0.05261, -0.03238, 0.00276, -0.00988, -0.01204, -0.0046]",,,,,
2025-11-03T01:05:21,20251103_010432_5cb801,REQ_9689e25e,SPEC macro example for code for temperature change,retrieval,,code,,"best=0.468, avg=0.616, spread=0.224, conf=0.6188",,,"[{'source': 'spec Manual cambria.pdf', 'score': 0.46770220398902895, 'snippet': 'temperature  showtemp # Show temperature parameters  teramp # Ramp the temperature    Methods for handling temperature control and other experimental parameters are  likely to  vary greatly from lab to lab and experiment to experiment. You may be abl'}, {'source': 'spec Manual cambria.pdf', 'score': 0.5196691155433655, 'snippet': 'temperature  showtemp # Show temperature parameters  teramp # Ramp the temperature    Methods for handling temperature control and other experimental parameters are  likely to  vary greatly from lab to lab and experiment to experiment. You may be abl'}, {'source': 'spec Manual cambria.pdf', 'score': 0.6184008836746216, 'snippet': 'TEMP_SP The set point of the controller in ohms, volts, etc.  T_LO_SP The lower limit for the controller set point.  T_HI_SP The upper limit for the controller set point.  DEGC_SP The temperature from which the set point is derived.  TEMP_CS The valu'}, {'source': 'spec Manual cambria.pdf', 'score': 0.6195042371749878, 'snippet': ""to a new  set point. If the ramp time is greater than 500 seconds, the temperature is  changed every  10 seconds, otherwise the temperature is changed every 2 seconds.   # Read or set or ramp the temperature def  teramp '{  if ($# == 1) {  te $1  } e""}, {'source': 'spec Manual cambria.pdf', 'score': 0.6359783113002777, 'snippet': 'or set the temperature set  point.  # Simple read or set temperature def te \'  if ($# == 1) {  settemp $1  qcomment ""Temperature Setpoint at %g"" ""TEMP_SP""  }  onp; showtemp; offp  \'  If invoked without arguments, it simply displays the current temper'}, {'source': 'spec Manual cambria.pdf', 'score': 0.6871120929718018, 'snippet': 'TEMP_SP The set point of the controller in ohms, volts, etc.  T_LO_SP The lower limit for the controller set point.  T_HI_SP The upper limit for the controller set point.  DEGC_SP The temperature from which the set point is derived.  TEMP_CS The valu'}, {'source': 'spec Manual cambria.pdf', 'score': 0.688338041305542, 'snippet': ""to a new  set point. If the ramp time is greater than 500 seconds, the temperature is  changed every  10 seconds, otherwise the temperature is changed every 2 seconds.   # Read or set or ramp the temperature def  teramp '{  if ($# == 1) {  te $1  } e""}, {'source': 'spec Manual cambria.pdf', 'score': 0.69191352725029, 'snippet': 'by a blank line.  #T seconds If counting to time, the time used.  #U  Reserved for user.  #X setpoint The temperature setpoint.  #@MCA fmt This scan contains MCA data (array_dump() format,    as in ""16C"")  @A data MCA data formatted as above      192'}]",158,,,
2025-11-03T01:05:21,20251103_010432_5cb801,REQ_9689e25e,code for temp change,prompt,,code,,"top_k=8, token_est=1627",,,"['spec Manual cambria.pdf', 'spec Manual cambria.pdf', 'spec Manual cambria.pdf', 'spec Manual cambria.pdf', 'spec Manual cambria.pdf', 'spec Manual cambria.pdf', 'spec Manual cambria.pdf', 'spec Manual cambria.pdf']",6511, You are an expert in the SPEC beamline control language (Certified Scientific Software).  Context below is extracted from SPEC cookbooks and manuals. Use it to return the correct SPEC command that ex,,
2025-11-03T01:05:23,20251103_010432_5cb801,REQ_9689e25e,"
You are an expert in the SPEC beamline control language (Ce",llm_call,,code,codellama:7b-instruct,1731.4424514770508,,,,6511,, def teramp '{ if ($# == 1) { te $1 } else if ($# == 2) { local _i _s1 _f1 _d1 _rtime _stime _f1 = $1 _rtime = $2 _stime = _rtime < 500? 2:10 _s1 = TEMP_SP _d1 = (_f1 - _s1) / _rtime * _stime qcomment,
2025-11-03T01:05:23,20251103_010432_5cb801,REQ_9689e25e,code for temp change,parser_check,,code,,False,,,,,,def teramp '{ if ($# == 1) { te $1 } else if ($# == 2) { local _i _s1 _f1 _d1 _rtime _stime _f1 = $1 _rtime = $2 _stime = _rtime < 500? 2:10 _s1 = TEMP_SP _d1 = (_f1 - _s1) / _rtime * _stime qcomment ,
2025-11-03T01:05:23,20251103_010432_5cb801,REQ_9689e25e,code for temp change,final,,code,,"conf=0.6188, latency_ms=1731.4, parser_ok=False",,,,,,,def teramp '{ if ($# == 1) { te $1 } else if ($# == 2) { local _i _s1 _f1 _d1 _rtime _stime _f1 = $1 _rtime = $2 _stime = _rtime < 500? 2:10 _s1 = TEMP_SP _d1 = (_f1 - _s1) / _rtime * _stime qcomment 
2025-11-03T01:05:33,20251103_010432_5cb801,REQ_f0044dcd,code for temperature change from 200 k to 430 k,embedding_query,,code,,,768,"[-0.03882, -0.03487, -0.03053, -0.01243, -0.04116, 0.00377, -0.05084, 0.04243, 0.00608, -0.0359]",,,,,
2025-11-03T01:05:33,20251103_010432_5cb801,REQ_f0044dcd,code for temperature change from 200 k to 430 k,retrieval,,code,,"best=0.674, avg=0.763, spread=0.179, conf=0.5673",,,"[{'source': 'spec Manual cambria.pdf', 'score': 0.6743101358413697, 'snippet': ""The macro RtoT_0 , used above, is one of several in the standard package that convert between  degrees C and kilohms for common thermistors:  # Temperature to kohms def  TtoR_0 '  local _k # YSI 44011 (100kohm @ 25C) 20 to 120 C  $1 = exp(-11.2942 +5""}, {'source': 'spec Manual cambria.pdf', 'score': 0.7013411700725556, 'snippet': ""to a new  set point. If the ramp time is greater than 500 seconds, the temperature is  changed every  10 seconds, otherwise the temperature is changed every 2 seconds.   # Read or set or ramp the temperature def  teramp '{  if ($# == 1) {  te $1  } e""}, {'source': 'spec Manual cambria.pdf', 'score': 0.7492334842681885, 'snippet': ""The macro RtoT_0 , used above, is one of several in the standard package that convert between  degrees C and kilohms for common thermistors:  # Temperature to kohms def  TtoR_0 '  local _k # YSI 44011 (100kohm @ 25C) 20 to 120 C  $1 = exp(-11.2942 +5""}, {'source': 'spec Manual cambria.pdf', 'score': 0.7677879631519318, 'snippet': 'temperature  showtemp # Show temperature parameters  teramp # Ramp the temperature    Methods for handling temperature control and other experimental parameters are  likely to  vary greatly from lab to lab and experiment to experiment. You may be abl'}, {'source': 'spec Manual cambria.pdf', 'score': 0.7743646323680878, 'snippet': 'or set the temperature set  point.  # Simple read or set temperature def te \'  if ($# == 1) {  settemp $1  qcomment ""Temperature Setpoint at %g"" ""TEMP_SP""  }  onp; showtemp; offp  \'  If invoked without arguments, it simply displays the current temper'}, {'source': 'spec Manual cambria.pdf', 'score': 0.7792679667472839, 'snippet': ""to a new  set point. If the ramp time is greater than 500 seconds, the temperature is  changed every  10 seconds, otherwise the temperature is changed every 2 seconds.   # Read or set or ramp the temperature def  teramp '{  if ($# == 1) {  te $1  } e""}, {'source': 'spec Manual cambria.pdf', 'score': 0.8031190931797028, 'snippet': 'TEMP_SP The set point of the controller in ohms, volts, etc.  T_LO_SP The lower limit for the controller set point.  T_HI_SP The upper limit for the controller set point.  DEGC_SP The temperature from which the set point is derived.  TEMP_CS The valu'}, {'source': 'spec Manual cambria.pdf', 'score': 0.8530977368354797, 'snippet': 'temperature  showtemp # Show temperature parameters  teramp # Ramp the temperature    Methods for handling temperature control and other experimental parameters are  likely to  vary greatly from lab to lab and experiment to experiment. You may be abl'}]",160,,,
2025-11-03T01:05:33,20251103_010432_5cb801,REQ_f0044dcd,code for temp change from 200 k to 430 k,prompt,,code,,"top_k=8, token_est=1809",,,"['spec Manual cambria.pdf', 'spec Manual cambria.pdf', 'spec Manual cambria.pdf', 'spec Manual cambria.pdf', 'spec Manual cambria.pdf', 'spec Manual cambria.pdf', 'spec Manual cambria.pdf', 'spec Manual cambria.pdf']",7239, You are an expert in the SPEC beamline control language (Certified Scientific Software).  Context below is extracted from SPEC cookbooks and manuals. Use it to return the correct SPEC command that ex,,
2025-11-03T01:05:39,20251103_010432_5cb801,REQ_f0044dcd,"
You are an expert in the SPEC beamline control language (Ce",llm_call,,code,codellama:7b-instruct,5748.181104660034,,,,7239,, def teramp '  if ($# == 1) {  te $1  } else if ($# == 2) {  local _i _s1 _f1 _d1 _rtime _stime  _f1 = $1  _rtime = $2  _stime = _rtime < 500? 2:10  _s1 = TEMP_SP  _d1 = (_f1 - _s1) / _rtime * _stime ,
2025-11-03T01:05:39,20251103_010432_5cb801,REQ_f0044dcd,code for temp change from 200 k to 430 k,parser_check,,code,,False,,,,,,def teramp '  if ($# == 1) {  te $1  } else if ($# == 2) {  local _i _s1 _f1 _d1 _rtime _stime  _f1 = $1  _rtime = $2  _stime = _rtime < 500? 2:10  _s1 = TEMP_SP  _d1 = (_f1 - _s1) / _rtime * _stime  ,
2025-11-03T01:05:39,20251103_010432_5cb801,REQ_f0044dcd,code for temp change from 200 k to 430 k,final,,code,,"conf=0.5673, latency_ms=5748.2, parser_ok=False",,,,,,,def teramp '  if ($# == 1) {  te $1  } else if ($# == 2) {  local _i _s1 _f1 _d1 _rtime _stime  _f1 = $1  _rtime = $2  _stime = _rtime < 500? 2:10  _s1 = TEMP_SP  _d1 = (_f1 - _s1) / _rtime * _stime  
2025-11-03T01:05:51,20251103_010432_5cb801,REQ_31562e1e,code for temperature change from 200 k to 245 k,embedding_query,,code,,,768,"[-0.0306, -0.03122, -0.02961, -0.02312, -0.03359, -0.00074, -0.0431, 0.02949, 0.0167, -0.00685]",,,,,
2025-11-03T01:05:51,20251103_010432_5cb801,REQ_31562e1e,code for temperature change from 200 k to 245 k,retrieval,,code,,"best=0.720, avg=0.793, spread=0.145, conf=0.5577",,,"[{'source': 'spec Manual cambria.pdf', 'score': 0.7197716474533081, 'snippet': ""The macro RtoT_0 , used above, is one of several in the standard package that convert between  degrees C and kilohms for common thermistors:  # Temperature to kohms def  TtoR_0 '  local _k # YSI 44011 (100kohm @ 25C) 20 to 120 C  $1 = exp(-11.2942 +5""}, {'source': 'spec Manual cambria.pdf', 'score': 0.736393940448761, 'snippet': ""to a new  set point. If the ramp time is greater than 500 seconds, the temperature is  changed every  10 seconds, otherwise the temperature is changed every 2 seconds.   # Read or set or ramp the temperature def  teramp '{  if ($# == 1) {  te $1  } e""}, {'source': 'spec Manual cambria.pdf', 'score': 0.7785200715065003, 'snippet': 'temperature  showtemp # Show temperature parameters  teramp # Ramp the temperature    Methods for handling temperature control and other experimental parameters are  likely to  vary greatly from lab to lab and experiment to experiment. You may be abl'}, {'source': 'spec Manual cambria.pdf', 'score': 0.7997462749481201, 'snippet': ""The macro RtoT_0 , used above, is one of several in the standard package that convert between  degrees C and kilohms for common thermistors:  # Temperature to kohms def  TtoR_0 '  local _k # YSI 44011 (100kohm @ 25C) 20 to 120 C  $1 = exp(-11.2942 +5""}, {'source': 'spec Manual cambria.pdf', 'score': 0.8084622681140899, 'snippet': 'or set the temperature set  point.  # Simple read or set temperature def te \'  if ($# == 1) {  settemp $1  qcomment ""Temperature Setpoint at %g"" ""TEMP_SP""  }  onp; showtemp; offp  \'  If invoked without arguments, it simply displays the current temper'}, {'source': 'spec Manual cambria.pdf', 'score': 0.8182154893875122, 'snippet': ""to a new  set point. If the ramp time is greater than 500 seconds, the temperature is  changed every  10 seconds, otherwise the temperature is changed every 2 seconds.   # Read or set or ramp the temperature def  teramp '{  if ($# == 1) {  te $1  } e""}, {'source': 'spec Manual cambria.pdf', 'score': 0.8183590292930604, 'snippet': 'TEMP_SP The set point of the controller in ohms, volts, etc.  T_LO_SP The lower limit for the controller set point.  T_HI_SP The upper limit for the controller set point.  DEGC_SP The temperature from which the set point is derived.  TEMP_CS The valu'}, {'source': 'spec Manual cambria.pdf', 'score': 0.8650223016738892, 'snippet': 'temperature  showtemp # Show temperature parameters  teramp # Ramp the temperature    Methods for handling temperature control and other experimental parameters are  likely to  vary greatly from lab to lab and experiment to experiment. You may be abl'}]",159,,,
2025-11-03T01:05:51,20251103_010432_5cb801,REQ_31562e1e,code for temp change from 200 k to 245 k,prompt,,code,,"top_k=8, token_est=1809",,,"['spec Manual cambria.pdf', 'spec Manual cambria.pdf', 'spec Manual cambria.pdf', 'spec Manual cambria.pdf', 'spec Manual cambria.pdf', 'spec Manual cambria.pdf', 'spec Manual cambria.pdf', 'spec Manual cambria.pdf']",7239, You are an expert in the SPEC beamline control language (Certified Scientific Software).  Context below is extracted from SPEC cookbooks and manuals. Use it to return the correct SPEC command that ex,,
2025-11-03T01:05:54,20251103_010432_5cb801,REQ_31562e1e,"
You are an expert in the SPEC beamline control language (Ce",llm_call,,code,codellama:7b-instruct,2999.376058578491,,,,7239,, def teramp '  if ($# == 1) {  te $1  } else if ($# == 2) {  local _i _s1 _f1 _d1 _rtime _stime  _f1 = $1  _rtime = $2  _stime = _rtime < 500? 2:10  _s1 = TEMP_SP  _d1 = (_f1 - _s1) / _rtime * _stime ,
2025-11-03T01:05:54,20251103_010432_5cb801,REQ_31562e1e,code for temp change from 200 k to 245 k,parser_check,,code,,False,,,,,,def teramp '  if ($# == 1) {  te $1  } else if ($# == 2) {  local _i _s1 _f1 _d1 _rtime _stime  _f1 = $1  _rtime = $2  _stime = _rtime < 500? 2:10  _s1 = TEMP_SP  _d1 = (_f1 - _s1) / _rtime * _stime  ,
2025-11-03T01:05:54,20251103_010432_5cb801,REQ_31562e1e,code for temp change from 200 k to 245 k,final,,code,,"conf=0.5577, latency_ms=2999.4, parser_ok=False",,,,,,,def teramp '  if ($# == 1) {  te $1  } else if ($# == 2) {  local _i _s1 _f1 _d1 _rtime _stime  _f1 = $1  _rtime = $2  _stime = _rtime < 500? 2:10  _s1 = TEMP_SP  _d1 = (_f1 - _s1) / _rtime * _stime  
