timestamp,session_id,query,stage,route,agent,source,score,vector_dim,vector_preview,retrieved,prompt_chars,prompt_preview,raw_output_preview,final_output_preview
2025-10-14T21:17:50,20251014_211718_e78156,"what does ca_put(data, device, subaddress) command do?",embedding_query,,text,,,384,"[0.00136, 0.0043, -0.00635, -0.01207, -0.05578, -0.06987, 0.05301, -0.05092, 0.07384, -0.00315]",,,,,
2025-10-14T21:17:50,20251014_211718_e78156,"what does ca_put(data, device, subaddress) command do?",embedding_doc,,text,spec Manual cambria.pdf,0.8988233804702759,384,"[0.01837, -0.04426, -0.10115, -0.01458, -0.03405, -0.05232, 0.10461, 0.07494, 0.04142, -0.03787]",,,,,
2025-10-14T21:17:50,20251014_211718_e78156,"what does ca_put(data, device, subaddress) command do?",embedding_doc,,text,spec Manual cambria.pdf,1.097265362739563,384,"[-0.04067, -0.07057, -0.13232, -0.02193, -0.03466, -0.01661, 0.01016, 0.04512, -0.02563, -0.01789]",,,,,
2025-10-14T21:17:50,20251014_211718_e78156,"what does ca_put(data, device, subaddress) command do?",embedding_doc,,text,spec Manual cambria.pdf,1.1153627634048462,384,"[0.00064, -0.01415, -0.05106, -0.00332, -0.01612, -0.07269, 0.10626, 0.02313, 0.01926, -0.06254]",,,,,
2025-10-14T21:17:50,20251014_211718_e78156,"what does ca_put(data, device, subaddress) command do?",embedding_doc,,text,spec Manual cambria.pdf,1.1882121562957764,384,"[-0.00904, -0.06025, 0.00125, -0.02056, -0.02409, -0.06388, 0.07206, 0.0274, -0.06485, -0.03222]",,,,,
2025-10-14T21:17:50,20251014_211718_e78156,"what does ca_put(data, device, subaddress) command do?",embedding_doc,,text,spec Manual cambria.pdf,1.2049974203109741,384,"[-0.00623, -0.02544, -0.0874, -0.06576, -0.05387, 0.03071, 0.05566, 0.08461, -0.08606, -0.02503]",,,,,
2025-10-14T21:17:50,20251014_211718_e78156,"what does ca_put(data, device, subaddress) command do?",embedding_doc,,text,spec Manual cambria.pdf,1.21119225025177,384,"[0.03152, 0.03202, -0.0224, -0.05416, -0.09455, -0.07821, -0.04037, 0.07087, -0.00917, 0.01051]",,,,,
2025-10-14T21:17:50,20251014_211718_e78156,"what does ca_put(data, device, subaddress) command do?",embedding_doc,,text,spec Manual cambria.pdf,1.2377077341079712,384,"[-0.01389, -0.05804, -0.11256, -0.045, -0.00641, -0.01955, 0.02932, 0.06174, -0.0499, 0.00299]",,,,,
2025-10-14T21:17:50,20251014_211718_e78156,"what does ca_put(data, device, subaddress) command do?",embedding_doc,,text,spec Manual cambria.pdf,1.2521684169769287,384,"[-0.01927, 0.01395, -0.12566, 0.02186, -0.07754, -0.04361, 0.05036, 0.08212, 0.03128, 0.0209]",,,,,
2025-10-14T21:17:50,20251014_211718_e78156,"what does ca_put(data, device, subaddress) command do?",embedding_doc,,text,spec Manual cambria.pdf,1.2527532577514648,384,"[-0.01303, 0.00863, -0.03862, -0.01986, -0.05085, -0.06671, -0.02415, 0.01262, 0.00018, 0.02875]",,,,,
2025-10-14T21:17:50,20251014_211718_e78156,"what does ca_put(data, device, subaddress) command do?",embedding_doc,,text,spec Manual cambria.pdf,1.2645593881607056,384,"[0.00682, 0.00539, -0.09793, -0.02254, 0.00915, -0.09946, 0.06872, 0.00653, 0.0384, 0.02113]",,,,,
2025-10-14T21:17:50,20251014_211718_e78156,"what does ca_put(data, device, subaddress) command do?",retrieval,,text,,,,,"[{'source': 'spec Manual cambria.pdf', 'score': 0.8988233804702759, 'snippet': 'user.  These modules are also assigned slot numbers in the con- fig file. They are also given  device numbers, starting at 0, that are used in the follow- ing functions.  ca_get(device, address) — The CAMAC module having device number device , as set  in the  config file, is read using F = 0 and A ='}, {'source': 'spec Manual cambria.pdf', 'score': 1.097265362739563, 'snippet': 'CAMAC, GPIB and Serial  Besides the built-in hardware support for moving motors and counting using CAMAC  (IEEE-583), GPIB (IEEE -488) and serial (RS -232C) interfaces, spec provides gener -  alized input /output support over these interfaces from the command level.  The ca_get(device, subaddress) c'}, {'source': 'spec Manual cambria.pdf', 'score': 1.1153627634048462, 'snippet': 'mca_put(grp, elem) or mca_put(array) — Sends data from data group grp , element elem or  from the data array array to the currently selected MCA -type device. Generally   returns the number of points written or −1 for failure.  mca_spar(sel, par [, val ]) — As mca_par() above, but selects which MCA '}, {'source': 'spec Manual cambria.pdf', 'score': 1.1882121562957764, 'snippet': '-type device does not change when reading the config file with the  reconfig command.  mca_sel(""?"") — Lists the configured MCA devices, with the currently selected device marked  with an asterisk.  mca_par(par [, val ]) — A device-dependent function to access various features and  parameters of the '}, {'source': 'spec Manual cambria.pdf', 'score': 1.2049974203109741, 'snippet': '}  \'  Here are examples of _settemp macros from several installations (the symbol _1 is defined in  settemp ):  # Write setpoint to a Lakeshore 82C Controller on GPIB bus def _settemp \'  gpib_put(12, sprintf(""S%6.4f"", _1))  \'  # Write setpoint to home-made GPIB device used at MIT def  _settemp \'{  l'}, {'source': 'spec Manual cambria.pdf', 'score': 1.21119225025177, 'snippet': 'platforms. On both, the incoming data is treated as  bigendian If the incoming data is littleendian use ""short_swap"" or ""long_swap"" .  ser_put(addr, s) — Writes the string s to the serial device with address addr . Re- turns the  number of bytes written.  ser_put(addr, d, [, cnt]) — Writes the conte'}, {'source': 'spec Manual cambria.pdf', 'score': 1.2377077341079712, 'snippet': ""CAMAC (IEEE-583) Hardware Functions  CAMAC functions are available if the appropriate hardware devices and software  drivers have been installed on the computer. The config file describes which CAMAC  hardware is installed. Refer to the Administrator's Guide for information on the sup-  ported CAMAC""}, {'source': 'spec Manual cambria.pdf', 'score': 1.2521684169769287, 'snippet': 'f is a write function, the 24-bit value to be   written is contained in v . If the dataway command given by f is a read command, the  function returns the 24-bit value obtained from the module. The user should  avoid issuing commands that would cause a LAM and should certainly avoid issuing  command'}, {'source': 'spec Manual cambria.pdf', 'score': 1.2527532577514648, 'snippet': 'On both, the in - coming data is treated as  bigendian If the incoming data is littleendian use ""short_swap"" or ""long_swap"" .  sock_put(""host:port"", s) — Writes  the  string  s to  the  socket  described  by  ""host:port . Returns the number of bytes written.  sock_put(""host:port"", d, [, cnt]) — Writ'}, {'source': 'spec Manual cambria.pdf', 'score': 1.2645593881607056, 'snippet': 'host name as returned by  the gethostname() system call.  IS_SERVER — is a built-in variable that contains the TCP port number on which spec  is listening if running in server mode. Otherwise, the value is zero.  MCAS — is the number of 1D MCA-type devices being used as determined from read- ing  th'}]",,,,
2025-10-14T21:17:50,20251014_211718_e78156,"what does ca_put(data, device, subaddress) command do?",prompt,,text,,,,,,10206,"You answer questions using SPEC-related documents.  QUESTION: what does ca_put(data, device, subaddress) command do?  Relevant excerpts: user.  These modules are also assigned slot numbers in the con-",,
2025-10-14T21:17:51,20251014_211718_e78156,"what does ca_put(data, device, subaddress) command do?",llm_call,,text,,,,,,,,"The ca_put(data, device, subaddress) command writes the 24-bit value data to the addressed module register (F=16). The device argument is the I /O module index from the configuration file and can be 0",
2025-10-14T21:17:51,20251014_211718_e78156,"what does ca_put(data, device, subaddress) command do?",final,,text,,,,,,,,,"The ca_put(data, device, subaddress) command writes the 24-bit value data to the addressed module register (F=16). The device argument is the I /O module index from the configuration file and can be 0"
2025-10-14T21:18:50,20251014_211718_e78156,how to calculate error bar from statistics?,embedding_query,,text,,,384,"[0.03121, 0.01687, 0.01113, 0.01904, -0.05328, -0.02184, -0.00225, 0.10683, -0.0066, 0.03222]",,,,,
2025-10-14T21:18:50,20251014_211718_e78156,how to calculate error bar from statistics?,embedding_doc,,text,spec Manual cambria.pdf,1.0949066877365112,384,"[0.063, 0.07479, -0.02935, -0.00132, 0.02254, -0.04697, 0.03787, -0.00318, -0.04208, -0.01864]",,,,,
2025-10-14T21:18:50,20251014_211718_e78156,how to calculate error bar from statistics?,embedding_doc,,text,spec Manual cambria.pdf,1.271445631980896,384,"[0.04526, 0.01869, -0.06172, -0.00899, -0.00232, -0.05393, 0.07336, 0.05512, -0.05805, 0.05195]",,,,,
2025-10-14T21:18:50,20251014_211718_e78156,how to calculate error bar from statistics?,embedding_doc,,text,diffractometer.md,1.349968433380127,384,"[0.0303, -0.01015, -0.02021, -0.02379, -0.08852, -0.00812, -0.03341, 0.03046, 0.01295, 0.04211]",,,,,
2025-10-14T21:18:50,20251014_211718_e78156,how to calculate error bar from statistics?,embedding_doc,,text,spec Manual cambria.pdf,1.3571131229400635,384,"[-0.06553, 0.02799, -0.03452, 0.00275, -0.04725, -0.06462, 0.01009, 0.06595, -0.07054, 0.01308]",,,,,
2025-10-14T21:18:50,20251014_211718_e78156,how to calculate error bar from statistics?,embedding_doc,,text,spec Manual cambria.pdf,1.396449327468872,384,"[0.04768, -0.01732, -0.08832, -0.01469, 0.00252, 0.01038, 0.01397, 0.03353, 0.00235, 0.02524]",,,,,
2025-10-14T21:18:50,20251014_211718_e78156,how to calculate error bar from statistics?,embedding_doc,,text,spec Manual cambria.pdf,1.4144749641418457,384,"[0.03545, 0.00891, -0.10179, -0.02242, -0.02411, 0.01299, -0.03425, 0.09057, -0.00065, 0.05704]",,,,,
2025-10-14T21:18:50,20251014_211718_e78156,how to calculate error bar from statistics?,embedding_doc,,text,spec Manual cambria.pdf,1.4298722743988037,384,"[-0.06088, 0.04265, -0.11328, -0.00438, -0.02995, -0.03715, -0.00466, 0.05556, -0.06752, 0.04596]",,,,,
2025-10-14T21:18:50,20251014_211718_e78156,how to calculate error bar from statistics?,embedding_doc,,text,spec Manual cambria.pdf,1.4321378469467163,384,"[-0.02299, 0.02446, -0.06879, -0.03373, -0.07161, -0.1287, 0.04611, 0.04073, 0.01345, -0.00491]",,,,,
2025-10-14T21:18:50,20251014_211718_e78156,how to calculate error bar from statistics?,embedding_doc,,text,spec Manual cambria.pdf,1.4448214769363403,384,"[-0.02, 0.00911, -0.07848, -0.02006, -0.04726, -0.03246, -0.01037, 0.09016, -0.01343, 0.05376]",,,,,
2025-10-14T21:18:50,20251014_211718_e78156,how to calculate error bar from statistics?,embedding_doc,,text,spec Manual cambria.pdf,1.4575119018554688,384,"[-0.12078, 0.00374, -0.03595, -0.01491, 0.04653, -0.0394, 0.06546, -0.01148, 0.07083, -0.05913]",,,,,
2025-10-14T21:18:50,20251014_211718_e78156,how to calculate error bar from statistics?,retrieval,,text,,,,,"[{'source': 'spec Manual cambria.pdf', 'score': 1.0949066877365112, 'snippet': 'The Index File  Indexing a long ASCII data file to find at what byte offset each scan begins takes time.   Once scans.4 has indexed a file, it saves the index information in a binary -for- mat index  file. The name of the index file is formed by appending .I to the original data -file name.  As long'}, {'source': 'spec Manual cambria.pdf', 'score': 1.271445631980896, 'snippet': "". Use same options as last time.  -i Initialize, used to start up function and return.  -f filename Select scan file name.  -p Print scan file contents.  +e or -e Calculate (or don't) error bars from statistics.  +s or -s Sort and merge (or don't) data by x values.  +d or -d Collect (or don't) 3 col""}, {'source': 'diffractometer.md', 'score': 1.349968433380127, 'snippet': '<b> Table 2 </b>  : Motor range and accuracy\n\n| Motor | Range (deg) | Accuracy (arcsec) | Spheres of confusion  | Comments|\n| -------------- | :---------: | ---------- | ---------- | ---------- |  \n| Theta | -10/+90? | 0.18? |  30? | vertical theta\n| Delta |  | 0.18? |  30? | vertical 2theta\n| mu | '}, {'source': 'spec Manual cambria.pdf', 'score': 1.3571131229400635, 'snippet': '77, 122  data_get() function, 77, 119  data_grp() function, 77, 118, 119, 124  data_info() function, 77, 119  data_nput() function, 77, 120, 121, 123, 123  data_pipe() function, 77, 124, 124–28  data_plot() function, 77, 118, 118, 118, 118, 122  data_put() function, 77, 119, 121, 123, 123  data_read'}, {'source': 'spec Manual cambria.pdf', 'score': 1.396449327468872, 'snippet': '#@CALIB a b c Coefficients for x[i] = a + b i + c i 2 for MCA data.  #@CHANN n f l r MCA channel information (number_saved,  first_saved, last_saved, reduction coef)  #@CTIME p l r MCA count times (preset_time, elapsed_live_time, e-  lapsed_real_time)  #@ROI n f l MCA ROI channel information (ROI_na'}, {'source': 'spec Manual cambria.pdf', 'score': 1.4144749641418457, 'snippet': 'A[tth]= 49.3550; A[th]= 29.7225; A[chi]= 35.9380; A[phi]= 45.9070  # counts = 4563  _addUB    _fitUB  Within this file, the calc() function codes defined by the macros _begUB , _addUB and  _fitUB are used to access the C code that performs the least squares operations.                               '}, {'source': 'spec Manual cambria.pdf', 'score': 1.4298722743988037, 'snippet': ""in the spec package. The program tries to print sum- mary  scan information from spec's standard data files. Usage is  contents [ options ] file1 [ file2 ... ]  Current options are  -o output Name of output file, otherwise standard output is used.  -s start Starting number for first scan of first fi""}, {'source': 'spec Manual cambria.pdf', 'score': 1.4321378469467163, 'snippet': 'zero, log or  square  root of a negative number, etc), the operation is not performed and a count of the  operations skipped is printed as an error message.   data_bop(g0_src, e0_src, g1_src, e1_src, g_dst, e_dst, bop) — Performs the bi- nary operation  specified by the string bop on elements e0_src'}, {'source': 'spec Manual cambria.pdf', 'score': 1.4448214769363403, 'snippet': 'motors, 10  ˆD to terminate spec session, 61  ˆV to quit, 5  Conversion  between degrees C and  kilohms, 182 functions, 77,  109  cos() function, 77, 107  count macro, 170–71  count.mac file, 154  counter_par() function, 77,  136 COUNTERS built-in  variable, 63 Counting, 11,  32–33, 136, 170–72  C-P'}, {'source': 'spec Manual cambria.pdf', 'score': 1.4575119018554688, 'snippet': 'all points in the groups g0_src and g1_src . The results are put in element e_dst for the  corresponding points of group g_dst . The source and  destina- tion groups and/or  elements may be the same.  If the number of points in the groups  differ, the  operation is carried out on up to the smallest '}]",,,,
2025-10-14T21:18:50,20251014_211718_e78156,how to calculate error bar from statistics?,prompt,,text,,,,,,7362,You answer questions using SPEC-related documents.  QUESTION: how to calculate error bar from statistics?  Relevant excerpts: The Index File  Indexing a long ASCII data file to find at what byte offse,,
2025-10-14T21:18:52,20251014_211718_e78156,how to calculate error bar from statistics?,llm_call,,text,,,,,,,,"To calculate error bars from statistics, you can use the appropriate propagation of errors formalism. This is typically done by taking the square root of the number of counts and multiplying it by a f",
2025-10-14T21:18:52,20251014_211718_e78156,how to calculate error bar from statistics?,final,,text,,,,,,,,,"To calculate error bars from statistics, you can use the appropriate propagation of errors formalism. This is typically done by taking the square root of the number of counts and multiplying it by a f"
