"timestamp","session_id","request_id","event_or_stage","event_name","agent","route","original_query","normalized_query","rewritten_query","method","source","retrieved","vector_dim","vector_preview","best_score","avg_score","spread","confidence","prompt_chars","prompt_tokens_est","prompt_preview","model","latency_ms","parser_passed","final_output_preview","preview"
"2025-11-03T13:01:19","20251103_130107_ea8277","REQ_a153a3f1","event","user_query_received","code","","Write a SPEC command that scans motor tth from -1 to 1 in 50 steps with an exposure time of 1 second per point","","","llm-rag","","","","","","","","","","","","","","","",""
"2025-11-03T13:01:19","20251103_130107_ea8277","REQ_a153a3f1","event","query_rewrite","code","code","Write a SPEC command that scans motor tth from -1 to 1 in 50 steps with an exposure time of 1 second per point","Write a SPEC command that scans motor tth from -1 to 1 in 50 steps with an exposure time of 1 second per point","Write a SPEC command that scans motor tth from -1 to 1 in 50 steps with an exposure time of 1 second per point","","","","","","","","","","","","","","","","",""
"2025-11-03T13:01:33","20251103_130107_ea8277","REQ_a153a3f1","stage","vectorstore_init","code","","","","","","load_drive_docs","chunks=1537, chunk_chars=1000, overlap=200, emb_model=sentence-transformers/all-mpnet-base-v2","768","","","","","","","","","","","","",""
"2025-11-03T13:01:33","20251103_130107_ea8277","REQ_a153a3f1","stage","embedding_query","code","","","","","","","","768","[-0.072, -0.06819, -0.01939, -0.01284, -0.03151, -0.06255, 0.02128, 0.06123, -0.05372, -0.01805]","","","","","","","","","","","",""
"2025-11-03T13:01:33","20251103_130107_ea8277","REQ_a153a3f1","stage","retrieval","code","","","","","","","[{'source': 'spec Manual cambria.pdf', 'score': 0.6189396858215332, 'snippet': 'Scan Macros  The following sections summarize the usage of the standard scans in spec. This dis- cussion  is followed by a description of macros to customize the scan output sent to the printer  and  data file. Refer to page184 for a detailed discuss'}, {'source': 'spec Manual cambria.pdf', 'score': 0.6326515674591064, 'snippet': 'will scan the tth and th motors, with th  moving half the range of tth . Its definition is,  def th2th \'  if ($# != 4) {  print ""Usage: th2th tth_start_rel tth_finish_rel intervals time"" exit  }  d2scan tth $1 $2 th ($1)/2 ($2)/2 $3 $4  \'            '}, {'source': 'rot_macros_2020.mac', 'score': 0.6744138836860657, 'snippet': 'EPOCH Phi CESR IC1 IC2 IC3 IC4  sleep(_break)    ### _accel_time - shutter open - TIME ADDED TO ACCOUNT FOR LATENCY - CHANGE DEPENDING ON SYSTEM  tzero=time()  tnow=time()-tzero # opens       ### USE PHOTO DIODE TO CHECK WITH MOTOR  vhigh   while (tn'}, {'source': 'SPEC manual pymca.pdf', 'score': 0.6842895090579987, 'snippet': '5 SCAN MACROS 9 5 Scan Macros There are many different scan commands arround for almost all purposes. Here, only the very standard scan commands are listed. All scans can be aborted by typing CTRL-C. When time is negative, the counts are acquired unt'}, {'source': 'spec Manual cambria.pdf', 'score': 0.6877107620239258, 'snippet': 'Scan Macros  The following sections summarize the usage of the standard scans in spec. This dis- cussion  is followed by a description of macros to customize the scan output sent to the printer  and  data file. Refer to page184 for a detailed discuss'}, {'source': 'spec Manual cambria.pdf', 'score': 0.7029461860656738, 'snippet': 'will scan the tth and th motors, with th  moving half the range of tth . Its definition is,  def th2th \'  if ($# != 4) {  print ""Usage: th2th tth_start_rel tth_finish_rel intervals time"" exit  }  d2scan tth $1 $2 th ($1)/2 ($2)/2 $3 $4  \'            '}, {'source': 'rot_macros.mac', 'score': 0.7035541534423828, 'snippet': 'filename to ""scan""  while (epics_get(""PIL10:cam1:Acquire_RBV"") != ""Acquiring"") {  sleep(0.05)    p ""in the loop""    }    sleep(1) #step 5:  accelerate to speed   _break=_accel_time    eval(sprintf(""_mv %s %f"",_motor,_end_omega)) #step 6:  open shutte'}, {'source': 'spec Manual cambria.pdf', 'score': 0.7072147786617279, 'snippet': 'f3 intervals time  th2th tth_start_rel tth_finish_rel intervals time    The argument motor (and m1 , m2 and m3 ) is a motor number or mnemonic, such as th , tth ,  chi , or phi . ascan , a2scan and a3scan are single-, two- and three-motor absolute-po'}]","","","0.6189396858215332","0.6764650657773018","0.08827509284019464","0.5965","","","","","","","",""
"2025-11-03T13:01:33","20251103_130107_ea8277","REQ_a153a3f1","stage","prompt","code","","","","","","","['spec Manual cambria.pdf', 'spec Manual cambria.pdf', 'rot_macros_2020.mac', 'SPEC manual pymca.pdf', 'spec Manual cambria.pdf', 'spec Manual cambria.pdf', 'rot_macros.mac', 'spec Manual cambria.pdf']","","","","","","","7843","1960","\nYou are an expert in the SPEC beamline control language.\n\nContext below is extracted from SPEC cookbooks, manuals, and local beamline macros.\nUse it to produce the correct SPEC command or macro that executes the user's request.\n\nGUIDELINES:\n- Prefer runnable SPEC commands over macro definitions\n- Use SPEC loop syntax: for (i = 0; i < N; i++) { ... } - never shell syntax\n- If no direct command exists, use the appropriate macro from context\n- Keep the response concise and composed of valid SPEC code only\n\nCONTEXT:\nScan Macros  The following sections summarize the usage of the standard scans in spec. This dis- cussion  is followed by a description of macros to customize the scan output sent to the printer  and  data file. Refer to page184 for a detailed discussion of a single-motor scan.  All the scans use the same basic invocation syntax.  For example, the single motor, absolute - position scan is invoked as  ascan motor start finish intervals time  The range of a scan is specified by the starting position start , the final position fin- ish and  the number of intervals intervals of the scanned parameters. Thus  ascan tth 26 28 20 60  would start with the tth motor at 26°, and move the motor to 28°, using 20 intervals of  0.1°. The total number of points scanned is one more than the number of intervals, in this  case, 21 points.  The time per point time , if a positive number, indicates counting to  seconds. In the above example, each point takes 60 seconds.  Using a negative  time  indicates\n\n---\n\nwill scan the tth and th motors, with th  moving half the range of tth . Its definition is,  def th2th '  if ($# != 4) {  print ""Usage: th2th tth_start_rel tth_finish_rel intervals time"" exit  }  d2scan tth $1 $2 th ($1)/2 ($2)/2 $3 $4  '                      176 STANDARD MACRO GUIDE\n\n---\n\nEPOCH Phi CESR IC1 IC2 IC3 IC4  sleep(_break)    ### _accel_time - shutter open - TIME ADDED TO ACCOUNT FOR LATENCY - CHANGE DEPENDING ON SYSTEM  tzero=time()  tnow=time()-tzero # opens       ### USE PHOTO DIODE TO CHECK WITH MOTOR  vhigh   while (tnow<=(_num_steps*_exp_time)){   tcount(_exp_time)   wait(2)   getcounts   get_angles   tnow=time()-tzero   est_phi=A[$1]   on(_METAFILE); p sprintf(""%5.4f %5.4f %5.4f %5.4f %5.4f %5.4f %5.4f"",tnow,est_phi,S[cesr],S[ic1],S[ic2],S[sampleT],S[diode]); off(_METAFILE)  } # closes     ### USE PHOTO DIODE TO CHECK WITH MOTOR  vlow  waitmove    #step 7:  return to original motor rates and position   get_angles  get_counts   motor_par(_motor, ""velocity"", 40000) ### RETURN TO ORIGINAL STEADY_STATE_RATE  motor_par(_motor, ""acceleration"", 500)    eval(sprintf(""umv %s %f"",_motor,_end_sweep))  # if ( _flag>0 ){ #  _tempnow = cryoget() #  _tempnow = cryoget() #  on(_METAFILE) #  p sprintf(""#C %s Temperature= %g"",date(),_tempnow) #  off(_METAFILE) # }\n\n---\n\n5 SCAN MACROS 9 5 Scan Macros There are many different scan commands arround for almost all purposes. Here, only the very standard scan commands are listed. All scans can be aborted by typing CTRL-C. When time is negative, the counts are acquired until the detector declared as monitorhas acquired as many counts as given by   time   . ascanmotor start ﬁnish interv time scans motor motor from start deg/mm to ﬁnish deg/mm (absolute coordi- nates) in interv intervals. Each point is counted for time seconds. dscanmotor start ﬁnish interv time scans motor motor from start deg/mm to ﬁnish deg/mm relative to the current position in interv intervals. Each point is counted for time seconds. a2scanmotor1 start1 ﬁnish1 motor2 start2 ﬁnish2 interv time a2scan scans two motors, as speciﬁed by motor1 and motor2. Each mo- tor moves the same number of intervals with starting and ending positions given by start1 and end1, start2 and end2, respectively. The step size for each motor is (start\n\n---\n\nScan Macros  The following sections summarize the usage of the standard scans in spec. This dis- cussion  is followed by a description of macros to customize the scan output sent to the printer  and  data file. Refer to page184 for a detailed discussion of a single-motor scan.  All the scans use the same basic invocation syntax.  For example, the single motor, absolute - position scan is invoked as  ascan motor start finish intervals time  The range of a scan is specified by the starting position start , the final position fin- ish and  the number of intervals intervals of the scanned parameters. Thus  ascan tth 26 28 20 60  would start with the tth motor at 26°, and move the motor to 28°, using 20 intervals of  0.1°. The total number of points scanned is one more than the number of intervals, in this  case, 21 points.  The time per point time , if a positive number, indicates counting to  seconds. In the above example, each point takes 60 seconds.  Using a negative  time  indicates\n\n---\n\nwill scan the tth and th motors, with th  moving half the range of tth . Its definition is,  def th2th '  if ($# != 4) {  print ""Usage: th2th tth_start_rel tth_finish_rel intervals time"" exit  }  d2scan tth $1 $2 th ($1)/2 ($2)/2 $3 $4  '                      176 STANDARD MACRO GUIDE\n\n---\n\nfilename to ""scan""  while (epics_get(""PIL10:cam1:Acquire_RBV"") != ""Acquiring"") {  sleep(0.05)    p ""in the loop""    }    sleep(1) #step 5:  accelerate to speed   _break=_accel_time    eval(sprintf(""_mv %s %f"",_motor,_end_omega)) #step 6:  open shutter at intended start position, also triggering 6M #L FILEN EPOCH Phi CESR IC1 IC2 IC3 IC4  sleep(_break)    ### _accel_time - shutter open - TIME ADDED TO ACCOUNT FOR LATENCY - CHANGE DEPENDING ON SYSTEM  tzero=time()  tnow=time()-tzero  opens       ### USE PHOTO DIODE TO CHECK WITH MOTOR    while (tnow<=(_num_steps*_exp_time)){   tcount(_exp_time)   wait(2)   getcounts   get_angles   tnow=time()-tzero   est_phi=A[$1]   on(_METAFILE); p sprintf(""%5.4f %5.4f %5.4f %5.4f %5.4f %5.4f %5.4f"",tnow,est_phi,S[cesr],S[ic1],S[ic2],TEMP_CS,S[ic4]); off(_METAFILE)  }  closes     ### USE PHOTO DIODE TO CHECK WITH MOTOR  waitmove    #step 7:  return to original motor rates and position   get_angles  get_counts   motor_par(_motor, ""velocity"", 100000) ###\n\n---\n\nf3 intervals time  th2th tth_start_rel tth_finish_rel intervals time    The argument motor (and m1 , m2 and m3 ) is a motor number or mnemonic, such as th , tth ,  chi , or phi . ascan , a2scan and a3scan are single-, two- and three-motor absolute-position scans.  mesh is a nested two -motor scan, where the first motor scans through  its range at each  point of the second motor's scan. lup (or equivalently dscan ), d2scan and d3scan are  single- and two- and three-motor relative position scans.  The starting and finishing  positions are given relative to the current position, and the motors are returned to their  starting position at the end of the scan.  These relative position scans are defined in terms  of the absolute-position scans.  The th2th macro is a special case of the d2scan that will scan the tth and th motors, with th  moving half the range of tth . Its definition is,  def th2th '  if ($# != 4) {  print ""Usage: th2th tth_start_rel tth_finish_rel intervals time"" exit  }\n\nTASK:\nWrite a SPEC command that scans motor tth from -1 to 1 in 50 steps with an exposure time of 1 second per point\n\nREASONING STEPS:\n1. Analyze the provided SPEC documentation fragments\n2. Identify the most appropriate command or macro\n3. Determine if built-in (ascan, dscan) or local macro is needed\n4. Map user values to command arguments correctly\n5. Use SPEC loops/counters for repetitive actions\n6. Ensure final output uses valid SPEC syntax\n\nRESPONSE FORMAT:\n- Output ONLY runnable SPEC code\n- No explanations or English text\n- No markdown formatting\n- Use def ... '{ ... }' for macro definitions (only if required)\n- Use $1, $2, etc. for macro arguments\n- Follow exact SPEC syntax for commands\n- Do not invent new commands\n","","","","",""
"2025-11-03T13:01:34","20251103_130107_ea8277","REQ_a153a3f1","stage","llm_call","code","","","","","","","","","","","","","","7843","","","codellama:7b-instruct","1373.7","","",""
"2025-11-03T13:01:34","20251103_130107_ea8277","REQ_a153a3f1","stage","llm_call","code","","","","","","","","","","","","","","7843","","","codellama:7b-instruct","1373.7030029296875","","",""
"2025-11-03T13:01:34","20251103_130107_ea8277","REQ_a153a3f1","stage","parser_check","code","","","","","","","","","","","","","","","","","","","False","",""
"2025-11-03T13:01:34","20251103_130107_ea8277","REQ_a153a3f1","stage","final","code","","","","","","","","","","","","","0.5965","","","","","1373.7030029296875","False","",""
"2025-11-03T13:01:34","20251103_130107_ea8277","REQ_a153a3f1","event","ui_return","code","","Write a SPEC command that scans motor tth from -1 to 1 in 50 steps with an exposure time of 1 second per point","","Write a SPEC command that scans motor tth from -1 to 1 in 50 steps with an exposure time of 1 second per point","","","","","","","","","0.5965","7843","","","","","False","","ascan tth -1 1 50 1"
