timestamp,session_id,request_id,event,original_query,rewritten_query,route,confidence,method,agent,grounded,parser_passed,inferred,prompt_chars,sources,preview
2025-11-03T11:45:00,20251103_114439_fe3c98,REQ_cd81c1ba,user_query_received,write a spec code to rotate the motor 5 times,,,,llm-rag,code,,,,,,
2025-11-03T11:45:00,20251103_114439_fe3c98,REQ_cd81c1ba,query_rewrite,write a spec code to rotate the motor 5 times,write a spec code to rotate the motor 5 times,code,,,code,,,,,,
2025-11-03T11:45:20,20251103_114439_fe3c98,REQ_cd81c1ba,ui_return,write a spec code to rotate the motor 5 times,write a spec code to rotate the motor 5 times,,0.5755,,code,,False,,8244,"['SPEC_RAG_Cookbook.pdf', 'spec Manual cambria.pdf', 'mdcp.mac', 'SPEC_RAG_Cookbook.pdf', 'spec Manual cambria.pdf', 'spec Manual cambria.pdf', 'spec Manual cambria.pdf', 'rot_macros_2019.mac']","def rotate_motor '     ascan ""motor"" 5 0 40 90 '"
2025-11-03T11:45:25,20251103_114439_fe3c98,REQ_73a25053,user_query_received,spec code to spin the crystal 3 times,,,,llm-rag,code,,,,,,
2025-11-03T11:45:25,20251103_114439_fe3c98,REQ_73a25053,query_rewrite,spec code to spin the crystal 3 times,spec code to spin the crystal 3 times,code,,,code,,,,,,
2025-11-03T11:45:26,20251103_114439_fe3c98,REQ_73a25053,ui_return,spec code to spin the crystal 3 times,spec code to spin the crystal 3 times,,0.505,,code,,False,,9189,"['spec Manual cambria.pdf', 'spec Manual cambria.pdf', 'spec Manual cambria.pdf', 'spec Manual cambria.pdf', 'picopulse.mac', 'spec Manual cambria.pdf', 'spec Manual cambria.pdf', 'spec Manual cambria.pdf']","Here is the runnable SPEC code to spin the crystal 3 times: \n ``` \n for (i = 0; i < 3; i++) { \n     cz(h0, k0, l0, h1, k1, l1); \n } \n ```"
2025-11-03T11:45:58,20251103_114439_fe3c98,REQ_49c32a33,user_query_received,how to change the temperature from 200 K to 220 K,,,,llm-rag,code,,,,,,
2025-11-03T11:45:58,20251103_114439_fe3c98,REQ_49c32a33,query_rewrite,how to change the temperature from 200 K to 220 K,how to change the temperature from 200 K to 220 K,code,,,code,,,,,,
2025-11-03T11:45:59,20251103_114439_fe3c98,REQ_49c32a33,ui_return,how to change the temperature from 200 K to 220 K,how to change the temperature from 200 K to 220 K,,0.4892,,code,,False,,8005,"['spec Manual cambria.pdf', 'spec Manual cambria.pdf', 'spec Manual cambria.pdf', 'spec Manual cambria.pdf', 'spec Manual cambria.pdf', 'spec Manual cambria.pdf', 'spec Manual cambria.pdf', 'rot_macros.mac']",The most appropriate command or macro to change the temperature from 200 K to 220 K is the `settemp` macro. This macro checks its argument against the set point limits and then calls the `_settemp` ma
2025-11-03T11:47:58,20251103_114439_fe3c98,REQ_cc6fbd47,user_query_received,spec macro to check for limits that depend on the relative position of motors?,,,,llm-rag,code,,,,,,
2025-11-03T11:47:58,20251103_114439_fe3c98,REQ_cc6fbd47,query_rewrite,spec macro to check for limits that depend on the relative position of motors?,spec macro to check for limits that depend on the relative position of motors?,code,,,code,,,,,,
2025-11-03T11:48:01,20251103_114439_fe3c98,REQ_cc6fbd47,ui_return,spec macro to check for limits that depend on the relative position of motors?,spec macro to check for limits that depend on the relative position of motors?,,0.5933,,code,,False,,5217,"['spec Manual cambria.pdf', 'spec Manual cambria.pdf', 'TABLE::commands.csv', 'TABLE::commands.csv', 'spec Manual cambria.pdf', 'spec Manual cambria.pdf', 'TABLE::commands.csv', 'TABLE::commands.csv']","The most appropriate command or macro to check for limits that depend on the relative position of motors is the `get_lim` function. This function returns the lower limit if the flag is less than zero,"
2025-11-03T11:49:49,20251103_114439_fe3c98,REQ_4b2b41e5,user_query_received,code to change 360 degrees to radians?,,,,llm-rag,code,,,,,,
2025-11-03T11:49:49,20251103_114439_fe3c98,REQ_4b2b41e5,query_rewrite,code to change 360 degrees to radians?,code to change 360 degrees to radians?,code,,,code,,,,,,
2025-11-03T11:49:54,20251103_114439_fe3c98,REQ_4b2b41e5,ui_return,code to change 360 degrees to radians?,code to change 360 degrees to radians?,,0.5344,,code,,False,,7312,"['TABLE::commands.csv', 'TABLE::commands.csv', 'spec Manual cambria.pdf', 'spec Manual cambria.pdf', 'spec Manual cambria.pdf', 'spec Manual cambria.pdf', 'spec Manual cambria.pdf', 'spec Manual cambria.pdf']","deg(x) — Returns the argument converted from radians to degrees.  rad(x) — Returns the argument converted from degrees to radians.    Data Handling and Plotting Functions  array_op(cmd, arr [, args .."
2025-11-03T11:52:48,20251103_114439_fe3c98,REQ_888e3899,user_query_received,"how to change the height scan range symmetrically ±0.5 relative to current position, 50 steps, exposure 0.2",,,,llm-rag,code,,,,,,
2025-11-03T11:52:48,20251103_114439_fe3c98,REQ_888e3899,query_rewrite,"how to change the height scan range symmetrically ±0.5 relative to current position, 50 steps, exposure 0.2","how to change the height scanning range symmetrically ±0.5 relative to current position, 50 steps, exposure 0.2",code,,,code,,,,,,
2025-11-03T11:52:48,20251103_114439_fe3c98,REQ_888e3899,ui_return,"how to change the height scan range symmetrically ±0.5 relative to current position, 50 steps, exposure 0.2","how to change the height scanning range symmetrically ±0.5 relative to current position, 50 steps, exposure 0.2",,0.4911,,code,,False,,7415,"['spec Manual cambria.pdf', 'rot_macros.mac', 'spec Manual cambria.pdf', 'rot_macros_2020.mac', 'spec Manual cambria.pdf', 'spec Manual cambria.pdf', 'SPEC manual pymca.pdf', 'spec Manual cambria.pdf']",ascan th -0.5 0.5 50 0.2
2025-11-03T11:53:35,20251103_114439_fe3c98,REQ_392df72f,user_query_received,Write a SPEC command that scans motor tth from -1 to 1 in 50 steps with an exposure time of 1 second per point,,,,llm-rag,code,,,,,,
2025-11-03T11:53:35,20251103_114439_fe3c98,REQ_392df72f,query_rewrite,Write a SPEC command that scans motor tth from -1 to 1 in 50 steps with an exposure time of 1 second per point,Write a SPEC command that scans motor tth from -1 to 1 in 50 steps with an exposure time of 1 second per point,code,,,code,,,,,,
2025-11-03T11:53:36,20251103_114439_fe3c98,REQ_392df72f,ui_return,Write a SPEC command that scans motor tth from -1 to 1 in 50 steps with an exposure time of 1 second per point,Write a SPEC command that scans motor tth from -1 to 1 in 50 steps with an exposure time of 1 second per point,,0.5965,,code,,False,,7843,"['spec Manual cambria.pdf', 'spec Manual cambria.pdf', 'rot_macros_2020.mac', 'SPEC manual pymca.pdf', 'spec Manual cambria.pdf', 'spec Manual cambria.pdf', 'rot_macros.mac', 'spec Manual cambria.pdf']",ascan tth -1 1 50 1
2025-11-03T11:55:29,20251103_114439_fe3c98,REQ_bfb3b9db,user_query_received,move phi by +0.2 degrees,,,,llm-rag,code,,,,,,
2025-11-03T11:55:29,20251103_114439_fe3c98,REQ_bfb3b9db,query_rewrite,move phi by +0.2 degrees,move phi by +0.2 degrees,code,,,code,,,,,,
2025-11-03T11:55:31,20251103_114439_fe3c98,REQ_bfb3b9db,ui_return,move phi by +0.2 degrees,move phi by +0.2 degrees,,0.4637,,code,,False,,4113,"['TABLE::commands.csv', 'TABLE::commands.csv', 'spec Manual cambria.pdf', 'rot_macros_2019.mac', 'TABLE::commands.csv', 'TABLE::commands.csv', 'rot_macros_2020.mac', 'spec Manual cambria.pdf']","The task is to move the phi angle by 0.2 degrees. \n  \n To achieve this, we can use the `motor_par` command to set the velocity and acceleration of the phi motor to a value that will allow for smooth movem"
